,totalKilocalories,activeKilocalories,bmrKilocalories,remainingKilocalories,wellnessTotalKilocalories,wellnessActiveKilocalories,totalSteps,netCalorieGoal,isVigorousDay,minHeartRate,maxHeartRate,restingHeartRate,consumedKilocalories,weight
2026-03-16,3409.0,846.0,2563.0,2946.0,3409.0,846.0,13820.0,2100.0,False,42.0,135.0,55.0,,220.6
2026-03-17,3096.0,570.0,2526.0,2670.0,3096.0,570.0,15484.0,2100.0,False,47.0,142.0,55.0,,214.0
2026-03-18,3045.0,519.0,2526.0,2619.0,3045.0,519.0,12302.0,2100.0,False,39.0,127.0,55.0,,215.0
2026-03-19,4981.0,2434.0,2547.0,4534.0,4905.0,2358.0,8988.0,2100.0,True,43.0,165.0,54.0,,217.8
2026-03-20,3221.0,674.0,2547.0,2774.0,3221.0,674.0,9854.0,2100.0,False,47.0,135.0,56.0,,
2026-03-21,4513.0,2026.0,2487.0,4126.0,4513.0,2026.0,16467.0,2100.0,True,46.0,171.0,56.0,,
2026-03-22,3560.0,1018.0,2542.0,3118.0,3560.0,1018.0,13277.0,2100.0,False,41.0,138.0,56.0,,217.0
2026-03-23,3178.0,645.0,2533.0,2745.0,3178.0,645.0,4813.0,2100.0,False,49.0,129.0,55.0,,215.4
2026-03-24,3678.0,1159.0,2519.0,3259.0,3678.0,1159.0,15971.0,2100.0,True,33.0,157.0,52.0,,212.8
2026-03-25,3435.0,916.0,2519.0,3016.0,3435.0,916.0,15707.0,2100.0,False,50.0,128.0,52.0,,
2026-03-26,5213.0,2694.0,2519.0,4794.0,4668.0,2149.0,6851.0,2100.0,True,46.0,163.0,52.0,,
2026-03-27,3148.0,944.0,2204.0,3044.0,3148.0,944.0,4954.0,2100.0,True,52.0,157.0,52.0,,
2026-03-28,4291.0,1772.0,2519.0,3872.0,4291.0,1772.0,16182.0,2100.0,True,55.0,150.0,54.0,,
2026-03-29,3679.0,846.0,2833.0,2946.0,3679.0,846.0,11972.0,2100.0,False,49.0,145.0,54.0,,
2026-03-30,4104.0,1585.0,2519.0,3685.0,4104.0,1585.0,14095.0,2100.0,True,46.0,175.0,54.0,,
2026-03-31,4741.0,2222.0,2519.0,4322.0,4165.0,1646.0,4601.0,2100.0,True,52.0,167.0,57.0,,
2026-04-01,2905.0,386.0,2519.0,2486.0,2905.0,386.0,4513.0,2100.0,False,50.0,136.0,57.0,,
2026-04-02,4755.0,2236.0,2519.0,4336.0,3969.0,1450.0,7630.0,2100.0,True,48.0,142.0,57.0,,
2026-04-03,3654.0,1135.0,2519.0,3235.0,3654.0,1135.0,12847.0,2100.0,True,48.0,155.0,58.0,,
2026-04-04,6477.0,3958.0,2519.0,6058.0,4064.0,1545.0,4246.0,2100.0,True,51.0,145.0,57.0,,
2026-04-05,3417.0,898.0,2519.0,2998.0,3417.0,898.0,7124.0,2100.0,False,47.0,147.0,56.0,,
2026-04-06,4484.0,1965.0,2519.0,4065.0,3882.0,1363.0,5418.0,2100.0,True,54.0,153.0,57.0,,
2026-04-07,4742.0,2223.0,2519.0,4323.0,4271.0,1752.0,7672.0,2100.0,True,46.0,154.0,57.0,,
2026-04-08,6697.0,4178.0,2519.0,6278.0,4938.0,2419.0,4873.0,2100.0,True,48.0,155.0,56.0,,
2026-04-09,4804.0,2285.0,2519.0,4385.0,4253.0,1734.0,6585.0,2100.0,True,52.0,146.0,56.0,,
2026-04-10,5090.0,2571.0,2519.0,4671.0,4641.0,2122.0,7672.0,2100.0,True,43.0,159.0,57.0,,
2026-04-11,3675.0,1156.0,2519.0,3256.0,3675.0,1156.0,9583.0,2100.0,False,45.0,152.0,57.0,,
2026-04-12,3756.0,1237.0,2519.0,3337.0,3756.0,1237.0,9865.0,2100.0,True,49.0,165.0,57.0,,
2026-04-13,2945.0,426.0,2519.0,2526.0,2945.0,426.0,7035.0,2100.0,False,45.0,120.0,56.0,,
2026-04-14,3069.0,550.0,2519.0,2650.0,3069.0,550.0,6588.0,2100.0,False,41.0,125.0,55.0,,
2026-04-15,2987.0,468.0,2519.0,2568.0,2987.0,468.0,5038.0,2100.0,False,46.0,131.0,55.0,,
2026-04-16,5746.0,3227.0,2519.0,5327.0,5047.0,2528.0,6275.0,2100.0,True,43.0,161.0,55.0,,
2026-04-17,4984.0,2465.0,2519.0,4565.0,4622.0,2103.0,11533.0,2100.0,True,48.0,161.0,54.0,,
2026-04-18,4636.0,2117.0,2519.0,4217.0,3640.0,1121.0,7938.0,2100.0,True,50.0,156.0,55.0,,212.8
2026-04-19,3261.0,742.0,2519.0,279.0,3261.0,742.0,6959.0,2100.0,False,45.0,133.0,55.0,2563.0,
2026-04-20,4761.0,2242.0,2519.0,2193.0,4237.0,1718.0,7612.0,2100.0,True,41.0,155.0,55.0,2149.0,208.5
2026-04-21,5156.0,2658.0,2498.0,2399.0,4508.0,2010.0,7239.0,2100.0,True,46.0,167.0,55.0,2359.0,209.1
2026-04-22,2896.0,398.0,2498.0,1252.0,2896.0,398.0,4924.0,2100.0,False,41.0,127.0,55.0,1246.0,
2026-04-23,4597.0,2099.0,2498.0,2805.0,4205.0,1707.0,6367.0,2100.0,True,44.0,161.0,55.0,1394.0,209.5
2026-04-24,4879.0,2378.0,2501.0,2872.0,4507.0,2006.0,8041.0,2100.0,True,41.0,173.0,55.0,1606.0,209.4
2026-04-25,3513.0,1012.0,2501.0,3112.0,3513.0,1012.0,6975.0,2100.0,False,48.0,142.0,54.0,,
2026-04-26,3633.0,1132.0,2501.0,3232.0,3633.0,1132.0,6315.0,2100.0,False,47.0,155.0,55.0,,
2026-04-27,3003.0,502.0,2501.0,2602.0,3003.0,502.0,5265.0,2100.0,False,50.0,128.0,55.0,,
2026-04-28,2675.0,174.0,2501.0,392.0,2675.0,174.0,1245.0,2100.0,False,42.0,122.0,55.0,1882.0,
2026-04-29,3039.0,538.0,2501.0,829.0,3039.0,538.0,2096.0,2100.0,False,31.0,141.0,56.0,1809.0,
2026-04-30,2912.0,411.0,2501.0,137.0,2912.0,411.0,1691.0,2100.0,True,44.0,147.0,55.0,2374.0,
2026-05-01,3509.0,1008.0,2501.0,321.0,3509.0,1008.0,6459.0,2100.0,False,42.0,144.0,56.0,2787.0,
2026-05-02,2851.0,350.0,2501.0,-5.0,2851.0,350.0,4864.0,2100.0,False,44.0,131.0,55.0,2455.0,
2026-05-03,3198.0,697.0,2501.0,1238.0,3103.0,602.0,4329.0,2100.0,False,42.0,153.0,54.0,1559.0,
2026-05-04,4866.0,2380.0,2486.0,2402.0,4132.0,1646.0,6841.0,2100.0,True,42.0,156.0,53.0,2078.0,206.8
2026-05-05,4138.0,1652.0,2486.0,1123.0,4020.0,1534.0,7449.0,2100.0,True,42.0,147.0,52.0,2629.0,206.4
2026-05-06,4618.0,2135.0,2483.0,2403.0,4573.0,2090.0,6586.0,2100.0,True,36.0,158.0,51.0,1832.0,
2026-05-07,3233.0,750.0,2483.0,306.0,3233.0,750.0,13031.0,2100.0,False,38.0,129.0,50.0,2544.0,
2026-05-08,2962.0,479.0,2483.0,717.0,2962.0,479.0,7398.0,2100.0,False,42.0,122.0,50.0,1862.0,
2026-05-09,4499.0,2016.0,2483.0,620.0,4499.0,2016.0,20944.0,2100.0,True,42.0,167.0,50.0,3496.0,
2026-05-10,3059.0,576.0,2483.0,377.0,3059.0,576.0,5084.0,2100.0,False,45.0,137.0,50.0,2299.0,
2026-05-11,3085.0,602.0,2483.0,1230.0,3085.0,602.0,8522.0,2100.0,False,36.0,131.0,50.0,1472.0,205.9
2026-05-12,4770.0,2289.0,2481.0,2480.0,4575.0,2094.0,10017.0,2100.0,True,40.0,165.0,50.0,1909.0,
2026-05-13,3134.0,653.0,2481.0,716.0,3134.0,653.0,7558.0,1500.0,False,43.0,140.0,50.0,1437.0,
2026-05-14,4808.0,2329.0,2479.0,1664.0,4712.0,2233.0,10641.0,1500.0,True,41.0,161.0,50.0,2165.0,205.5
2026-05-15,3115.0,636.0,2479.0,299.0,3115.0,636.0,10823.0,1500.0,False,38.0,136.0,49.0,1837.0,
2026-05-16,3293.0,814.0,2479.0,-45.0,3293.0,814.0,15559.0,1500.0,True,39.0,136.0,48.0,2359.0,
2026-05-17,4759.0,2290.0,2469.0,1283.0,2832.0,363.0,4656.0,1500.0,False,34.0,142.0,47.0,2507.0,203.7
2026-05-18,4680.0,2211.0,2469.0,2381.0,4066.0,1597.0,7331.0,2230.0,True,43.0,160.0,47.0,2060.0,201.4
2026-05-19,4649.0,2192.0,2457.0,2375.0,4188.0,1731.0,6706.0,2230.0,True,40.0,163.0,47.0,2047.0,
2026-05-20,5347.0,2890.0,2457.0,2864.0,4497.0,2040.0,7862.0,2230.0,True,41.0,152.0,47.0,2256.0,
2026-05-21,4650.0,2197.0,2453.0,2432.0,4227.0,1774.0,9881.0,2230.0,True,43.0,153.0,48.0,1995.0,200.8
2026-05-22,5082.0,2629.0,2453.0,1033.0,4562.0,2109.0,9656.0,2230.0,True,40.0,159.0,49.0,3826.0,
2026-05-23,8214.0,5761.0,2453.0,3205.0,7010.0,4557.0,9155.0,2230.0,True,50.0,182.0,50.0,4786.0,
2026-05-24,7006.0,4543.0,2463.0,3291.0,5165.0,2702.0,4290.0,2230.0,True,45.0,153.0,52.0,3482.0,202.6
2026-05-25,3427.0,964.0,2463.0,1137.0,3427.0,964.0,6778.0,2230.0,True,42.0,154.0,52.0,2057.0,203.1
2026-05-26,3301.0,838.0,2463.0,1031.0,3301.0,838.0,11956.0,2230.0,False,42.0,141.0,52.0,2037.0,202.6
2026-05-27,2919.0,456.0,2463.0,-823.0,2919.0,456.0,8891.0,1500.0,False,40.0,130.0,51.0,2779.0,
2026-05-28,3431.0,968.0,2463.0,-762.0,3431.0,968.0,12921.0,1500.0,False,41.0,148.0,51.0,3230.0,
2026-05-29,4056.0,1593.0,2463.0,-22.0,4056.0,1593.0,18859.0,1500.0,False,46.0,154.0,51.0,3115.0,
2026-05-30,5443.0,2980.0,2463.0,-215.0,5443.0,2980.0,26458.0,1500.0,True,49.0,169.0,51.0,4695.0,
2026-05-31,3595.0,1132.0,2463.0,3.0,3595.0,1132.0,14749.0,1500.0,False,51.0,149.0,51.0,2629.0,
2026-06-01,3413.0,950.0,2463.0,867.0,3413.0,950.0,12278.0,1500.0,True,46.0,153.0,52.0,1583.0,
2026-06-02,4883.0,2429.0,2454.0,2207.0,4249.0,1795.0,7969.0,1500.0,True,43.0,167.0,52.0,1722.0,201.1
2026-06-03,5136.0,2682.0,2454.0,2241.0,4356.0,1902.0,11767.0,1500.0,True,46.0,172.0,53.0,1941.0,
2026-06-04,3058.0,604.0,2454.0,326.0,3058.0,604.0,10465.0,1500.0,False,48.0,162.0,54.0,1778.0,
2026-06-05,4528.0,2074.0,2454.0,1245.0,4018.0,1564.0,5195.0,1500.0,True,38.0,148.0,53.0,2329.0,201.0
2026-06-06,3575.0,1121.0,2454.0,32.0,3364.0,910.0,7748.0,1500.0,False,39.0,143.0,53.0,2589.0,
2026-06-07,2867.0,413.0,2454.0,-2732.0,2867.0,413.0,2223.0,1500.0,False,42.0,135.0,52.0,4645.0,
2026-06-08,4560.0,2106.0,2454.0,1837.0,4022.0,1568.0,4648.0,1500.0,True,43.0,156.0,52.0,1769.0,
2026-06-09,3153.0,699.0,2454.0,426.0,3153.0,699.0,5631.0,1500.0,True,41.0,152.0,51.0,1773.0,
2026-06-10,4627.0,2173.0,2454.0,1215.0,4287.0,1833.0,3692.0,1500.0,True,40.0,166.0,50.0,2458.0,
2026-06-11,4704.0,2250.0,2454.0,720.0,4235.0,1781.0,3885.0,1500.0,True,41.0,146.0,50.0,3030.0,
2026-06-12,4647.0,2205.0,2442.0,1453.0,4084.0,1642.0,7610.0,1500.0,True,44.0,157.0,51.0,2252.0,198.8
2026-06-13,3499.0,1057.0,2442.0,-314.0,3499.0,1057.0,4528.0,1500.0,True,43.0,156.0,52.0,2871.0,
2026-06-14,4485.0,2043.0,2442.0,2086.0,4047.0,1605.0,5307.0,1500.0,True,44.0,150.0,53.0,1457.0,
2026-06-15,3560.0,1118.0,2442.0,341.0,3560.0,1118.0,17536.0,1500.0,False,39.0,140.0,53.0,2277.0,
2026-06-16,4309.0,1872.0,2437.0,1005.0,4078.0,1641.0,3201.0,1500.0,True,42.0,167.0,53.0,2367.0,198.0
2026-06-17,4356.0,1919.0,2437.0,870.0,3970.0,1533.0,3305.0,1500.0,True,40.0,165.0,53.0,2549.0,
2026-06-18,4428.0,1991.0,2437.0,1330.0,3906.0,1469.0,4687.0,1500.0,True,39.0,167.0,52.0,2161.0,
2026-06-19,3761.0,1324.0,2437.0,-507.0,3761.0,1324.0,18709.0,1500.0,False,40.0,150.0,51.0,3331.0,
2026-06-20,5735.0,3311.0,2424.0,1780.0,2754.0,330.0,2459.0,1500.0,False,44.0,132.0,51.0,3031.0,195.6
2026-06-21,4613.0,2189.0,2424.0,673.0,4042.0,1618.0,5256.0,1500.0,True,42.0,161.0,50.0,3016.0,
2026-06-22,5188.0,2764.0,2424.0,2003.0,4431.0,2007.0,9556.0,1500.0,True,41.0,164.0,49.0,2261.0,
2026-06-23,2784.0,360.0,2424.0,-387.0,2784.0,360.0,7058.0,1500.0,False,32.0,124.0,49.0,2247.0,
2026-06-24,2601.0,177.0,2424.0,-502.0,2601.0,177.0,3883.0,1500.0,False,36.0,115.0,49.0,2179.0,
2026-06-25,4172.0,1748.0,2424.0,61.0,3305.0,881.0,6012.0,1500.0,True,39.0,161.0,49.0,3187.0,
2026-06-26,3267.0,843.0,2424.0,-1544.0,3267.0,843.0,8721.0,1500.0,False,37.0,129.0,48.0,3887.0,
2026-06-27,2836.0,412.0,2424.0,-3342.0,2836.0,412.0,5499.0,1500.0,False,48.0,131.0,49.0,5254.0,
2026-06-28,2649.0,225.0,2424.0,-713.0,2649.0,225.0,5190.0,1500.0,False,44.0,118.0,49.0,2438.0,
2026-06-29,2753.0,329.0,2424.0,189.0,2753.0,329.0,5529.0,1500.0,False,38.0,131.0,49.0,1640.0,
2026-06-30,4340.0,1888.0,2452.0,675.0,3707.0,1255.0,5913.0,1500.0,True,38.0,154.0,49.0,2713.0,200.7
2026-07-01,4591.0,2139.0,2452.0,802.0,3767.0,1315.0,6107.0,1500.0,True,39.0,175.0,49.0,2837.0,200.3
2026-07-02,3000.0,550.0,2450.0,-722.0,3000.0,550.0,4929.0,1500.0,False,43.0,132.0,50.0,2772.0,
2026-07-03,4019.0,1569.0,2450.0,-106.0,3959.0,1509.0,7344.0,1500.0,True,46.0,158.0,52.0,3175.0,
2026-07-04,3532.0,1082.0,2450.0,1857.0,3532.0,1082.0,7913.0,1500.0,False,45.0,150.0,52.0,725.0,
2026-07-05,3058.0,608.0,2450.0,2108.0,3058.0,608.0,8701.0,1500.0,False,45.0,142.0,53.0,,
2026-07-06,2962.0,512.0,2450.0,-399.0,2962.0,512.0,6654.0,2100.0,True,43.0,147.0,54.0,3011.0,
2026-07-07,4534.0,2084.0,2450.0,1566.0,4141.0,1691.0,5870.0,2100.0,True,42.0,152.0,54.0,2618.0,
2026-07-08,4897.0,2443.0,2454.0,770.0,4298.0,1844.0,6193.0,2100.0,True,44.0,157.0,54.0,3773.0,201.0
2026-07-09,3165.0,711.0,2454.0,-7.0,3165.0,711.0,11888.0,2100.0,False,42.0,144.0,54.0,2818.0,
2026-07-10,2984.0,530.0,2454.0,-1505.0,2984.0,530.0,7184.0,2100.0,False,38.0,136.0,53.0,4135.0,
2026-07-11,10672.0,8218.0,2454.0,5790.0,2550.0,96.0,607.0,2100.0,False,46.0,122.0,52.0,4528.0,
2026-07-12,2900.0,446.0,2454.0,219.0,2900.0,446.0,3465.0,2100.0,False,47.0,144.0,52.0,2327.0,
2026-07-13,2942.0,488.0,2454.0,397.0,2942.0,488.0,8598.0,2100.0,False,38.0,138.0,52.0,2191.0,
2026-07-14,4539.0,2085.0,2454.0,860.0,4485.0,2031.0,7733.0,2100.0,True,39.0,159.0,51.0,3325.0,
2026-07-15,3280.0,826.0,2454.0,330.0,3280.0,826.0,18053.0,2100.0,False,42.0,141.0,52.0,2596.0,
2026-07-16,4350.0,1896.0,2454.0,1053.0,4103.0,1649.0,6436.0,2100.0,True,41.0,155.0,51.0,2943.0,
2026-07-17,4576.0,2122.0,2454.0,1393.0,4166.0,1712.0,8660.0,2100.0,True,43.0,159.0,52.0,2829.0,
2026-07-18,3460.0,1006.0,2454.0,-165.0,3460.0,1006.0,9692.0,3210.0,True,39.0,161.0,51.0,4381.0,
2026-07-19,2980.0,526.0,2454.0,650.0,2980.0,526.0,10783.0,3210.0,False,41.0,128.0,51.0,3086.0,
2026-07-20,4862.0,2408.0,2454.0,1287.0,4198.0,1744.0,10728.0,2200.0,True,42.0,150.0,50.0,3321.0,195.8
2026-07-21,3016.0,591.0,2425.0,1017.0,3016.0,591.0,8762.0,2200.0,False,46.0,139.0,51.0,1774.0,
2026-07-22,5739.0,3314.0,2425.0,2197.0,4527.0,2102.0,6408.0,2200.0,True,40.0,153.0,50.0,3317.0,
2026-07-23,4307.0,1882.0,2425.0,448.0,3648.0,1223.0,7715.0,2200.0,True,43.0,140.0,50.0,3634.0,
2026-07-24,5145.0,2720.0,2425.0,1813.0,4127.0,1702.0,6560.0,2200.0,True,42.0,156.0,50.0,3107.0,198.5
2026-07-25,4273.0,1833.0,2440.0,160.0,4161.0,1721.0,21989.0,2200.0,True,44.0,162.0,50.0,3873.0,
2026-07-26,3414.0,974.0,2440.0,-99.0,3414.0,974.0,5610.0,2200.0,True,47.0,147.0,50.0,3273.0,
2026-07-27,4347.0,1926.0,2421.0,1148.0,3772.0,1351.0,6963.0,2200.0,True,41.0,156.0,50.0,2978.0,195.1
2026-07-28,3001.0,580.0,2421.0,47.0,2916.0,495.0,8878.0,2200.0,False,37.0,128.0,49.0,2733.0,
2026-07-29,4335.0,1914.0,2421.0,535.0,3742.0,1321.0,7019.0,2200.0,True,37.0,156.0,49.0,3579.0,
2026-07-30,5687.0,3266.0,2421.0,1329.0,5045.0,2624.0,6225.0,2200.0,True,37.0,168.0,49.0,4137.0,
2026-07-31,3092.0,671.0,2421.0,105.0,3092.0,671.0,10592.0,2200.0,False,41.0,134.0,49.0,2766.0,
2026-08-01,2742.0,321.0,2421.0,2521.0,2742.0,321.0,4081.0,2200.0,False,54.0,150.0,50.0,,
2026-08-02,2722.0,301.0,2421.0,2501.0,2722.0,301.0,7019.0,2200.0,False,50.0,126.0,50.0,,
2026-08-03,2790.0,369.0,2421.0,2569.0,2790.0,369.0,8820.0,2200.0,False,41.0,135.0,50.0,,
2026-08-04,4343.0,1922.0,2421.0,1041.0,3619.0,1198.0,6471.0,2200.0,True,40.0,150.0,51.0,3081.0,
2026-08-05,4424.0,2003.0,2421.0,1013.0,3732.0,1311.0,5147.0,2200.0,True,40.0,146.0,50.0,3190.0,
2026-08-06,4508.0,2087.0,2421.0,548.0,3839.0,1418.0,6134.0,2200.0,True,39.0,152.0,50.0,3739.0,
2026-08-07,2687.0,266.0,2421.0,-1159.0,2687.0,266.0,4321.0,2200.0,False,42.0,118.0,51.0,3625.0,
2026-08-08,2788.0,357.0,2431.0,833.0,2788.0,357.0,5086.0,2200.0,False,47.0,117.0,51.0,1724.0,196.8
2026-08-09,2926.0,495.0,2431.0,2695.0,2926.0,495.0,4163.0,2200.0,True,43.0,135.0,50.0,,
2026-08-10,4517.0,2086.0,2431.0,1237.0,3925.0,1494.0,5940.0,2200.0,True,36.0,160.0,49.0,3049.0,
2026-08-11,4346.0,1915.0,2431.0,873.0,3897.0,1466.0,6011.0,2200.0,True,41.0,155.0,50.0,3242.0,
2026-08-12,4343.0,1912.0,2431.0,792.0,4065.0,1634.0,4157.0,2200.0,True,43.0,158.0,52.0,3320.0,
2026-08-13,2647.0,216.0,2431.0,-403.0,2647.0,216.0,3351.0,2200.0,False,40.0,123.0,52.0,2819.0,
